Date,Open,High,Low,Close,Volume
02/01/2020 15:30:00,47.2,48.78,47.2,48.49,21674961
03/01/2020 15:30:00,48.3,48.62,47.95,48.37,12956863
06/01/2020 15:30:00,48,48,47.06,47.33,9601608
07/01/2020 15:30:00,47.55,48.46,47.36,47.61,13195788
08/01/2020 15:30:00,47.17,47.82,46.7,47.53,13304841
09/01/2020 15:30:00,48.5,48.6,47.91,48.32,10131152
10/01/2020 15:30:00,48.55,49.39,48,48.62,15927634
13/01/2020 15:30:00,49.11,49.7,48.78,49.58,10942750
14/01/2020 15:30:00,49.65,50.6,49.58,49.86,15660822
15/01/2020 15:30:00,49.19,50.36,48.92,50.21,12117948
16/01/2020 15:30:00,50.2,50.41,49.21,49.44,10438369
17/01/2020 15:30:00,49.33,49.89,49.19,49.53,5682460
20/01/2020 15:30:00,49.7,49.98,48.92,49.07,7291878
21/01/2020 15:30:00,48.78,48.78,47.35,47.62,11315803
22/01/2020 15:30:00,47.87,47.99,47.32,47.51,7662171
23/01/2020 15:30:00,47.59,48.19,47.32,48.03,7200020
24/01/2020 15:30:00,48.03,48.51,47.65,48.34,7481130
27/01/2020 15:30:00,47.78,47.78,46.01,46.25,12963119
28/01/2020 15:30:00,46,46.2,44.2,44.63,18015283
29/01/2020 15:30:00,45.28,45.97,44.96,45.22,11081834
30/01/2020 15:30:00,45.19,45.45,44.14,44.86,14652016
31/01/2020 15:30:00,45.3,45.43,43.65,43.87,10738727
01/02/2020 17:00:00,43.15,44,42.01,42.18,12784037
03/02/2020 15:30:00,41.8,43.9,41.66,43.61,16237126
04/02/2020 15:30:00,44.2,45.34,43.35,45.19,13336263
05/02/2020 15:30:00,45.23,47.97,44.8,47.51,16056765
06/02/2020 15:30:00,47.8,48.73,47.16,47.76,16666074
07/02/2020 15:30:00,47.57,47.97,46.89,47.1,11649909
10/02/2020 15:30:00,46.03,46.33,44,44.38,26796048
11/02/2020 15:30:00,44.84,45.77,44.27,44.41,16824371
12/02/2020 15:30:00,45,45.45,44.26,44.8,11785858
13/02/2020 15:30:00,44.88,45.17,43.94,44.13,9965221
14/02/2020 15:30:00,44.1,44.56,43.34,43.46,9484817
17/02/2020 15:30:00,43.55,44.09,43.3,43.69,9724765
18/02/2020 15:30:00,43.4,43.52,42.13,43.14,11502423
19/02/2020 15:30:00,43.65,43.85,42.82,43.32,8465109
20/02/2020 15:30:00,42.9,44.77,42.8,44.36,12980237
24/02/2020 15:30:00,43.49,43.49,41.34,41.55,17523142
25/02/2020 15:30:00,41.9,42.56,41.44,42.13,14558176
26/02/2020 15:30:00,41.13,41.94,41.13,41.63,14270706
27/02/2020 15:30:00,41.49,41.59,40.71,41.28,10226379
28/02/2020 15:30:00,39.87,39.9,37.5,38.17,24532833
02/03/2020 15:30:00,39.37,39.4,35.8,36.41,20220772
03/03/2020 15:30:00,37.35,39.1,37.01,38.76,18648933
04/03/2020 15:30:00,38.81,38.99,36.51,37.72,22937148
05/03/2020 15:30:00,38.4,38.78,37.43,37.58,14628468
06/03/2020 15:30:00,35.7,35.83,34.67,35.15,14848188
09/03/2020 15:30:00,33.75,33.77,31.98,32.23,20423826
11/03/2020 15:30:00,32.4,32.6,29.61,29.98,28693709
12/03/2020 15:30:00,27.5,29.18,26.72,28.75,43767763
13/03/2020 15:30:00,27,33.21,25.54,32.67,33842310
16/03/2020 15:30:00,30.4,31.77,28.71,28.96,23606452
17/03/2020 15:30:00,30,30.77,28.05,28.28,20654603
18/03/2020 15:30:00,29,29.32,27.57,28.09,18772675
19/03/2020 15:30:00,26.9,28.45,26.05,27.19,18723257
20/03/2020 15:30:00,27.97,30.5,27.42,29.78,17307882
23/03/2020 15:30:00,26.8,27.8,25.36,27.12,12100684
24/03/2020 15:30:00,27.71,28.57,25.86,27.19,12928877
25/03/2020 15:30:00,26.71,29.5,26.71,28.68,9442834
26/03/2020 15:30:00,29,29.55,28.01,28.45,11493837
27/03/2020 15:30:00,29.1,29.53,27.42,27.73,11184139
30/03/2020 15:30:00,26.7,27.08,25.09,25.41,15853761
31/03/2020 15:30:00,26.23,27.25,25.97,26.96,15787411
01/04/2020 15:30:00,26.6,26.8,25.81,26.64,11965031
03/04/2020 15:30:00,26.77,26.89,25.1,25.38,12528030
07/04/2020 15:30:00,26.61,27.77,26.12,27.62,15956873
08/04/2020 15:30:00,27.1,29.29,26.67,27.48,20435156
09/04/2020 15:30:00,28.05,28.96,27.77,28.49,13855788
13/04/2020 15:30:00,28.5,29.2,27.39,28.26,15510598
15/04/2020 15:30:00,28.74,29.57,28.19,28.52,20991943
16/04/2020 15:30:00,27.6,29.19,27.6,28.89,17248806
17/04/2020 15:30:00,29.75,29.97,28.55,29.34,17492884
20/04/2020 15:30:00,29.48,29.5,28.51,28.64,11961355
21/04/2020 15:30:00,28.01,28.1,26.33,26.6,16925417
22/04/2020 15:30:00,26.61,26.99,25.92,26.84,14789857
23/04/2020 15:30:00,27,27.9,26.9,27.03,15468122
24/04/2020 15:30:00,26.63,27.39,26.45,26.76,12383846
27/04/2020 15:30:00,27.4,27.69,27.05,27.17,12410812
28/04/2020 15:30:00,27.39,27.54,26.96,27.36,8548134
29/04/2020 15:30:00,27.3,28.62,27.13,28.27,19876696
30/04/2020 15:30:00,29,30.45,28.87,29.83,23636082
04/05/2020 15:30:00,28.5,28.62,27.01,27.36,12892158
05/05/2020 15:30:00,27.9,28.24,27.1,27.27,12182355
06/05/2020 15:30:00,27.41,28.05,27.21,27.78,9507731
07/05/2020 15:30:00,27.55,28.29,27.47,27.59,8958411
08/05/2020 15:30:00,28.28,28.4,27.2,27.29,9878213
11/05/2020 15:30:00,27.56,28.3,27.5,27.62,10907408
12/05/2020 15:30:00,27.33,27.68,26.45,27.4,15040334
13/05/2020 15:30:00,28.75,28.8,27.35,27.66,14723748
14/05/2020 15:30:00,27.2,27.52,26.73,26.86,10796959
15/05/2020 15:30:00,27,27.68,26.88,27.35,14991458
18/05/2020 15:30:00,27.41,27.62,26.25,26.66,11616080
19/05/2020 15:30:00,27.2,28.04,26.75,27.2,16897173
20/05/2020 15:30:00,27.2,28.4,27.01,28.32,14423657
21/05/2020 15:30:00,28.39,28.63,27.85,28.37,13035881
22/05/2020 15:30:00,27.9,28.03,27.33,27.45,10656911
26/05/2020 15:30:00,27.75,28.44,27.7,28.05,12108740
27/05/2020 15:30:00,28.22,29.04,27.91,28.8,14007562
28/05/2020 15:30:00,29.19,29.86,28.94,29.55,16602462
29/05/2020 15:30:00,29.21,29.69,28.79,29.52,13128027
01/06/2020 15:30:00,30.2,31.78,30.2,31.52,24384633
02/06/2020 15:30:00,31.8,32.35,31.46,31.94,16563267
03/06/2020 15:30:00,32.55,32.63,31.51,31.74,10387136
04/06/2020 15:30:00,31.69,32.26,31.46,32,11251331
05/06/2020 15:30:00,32.58,34.37,32.51,33.9,30918495
08/06/2020 15:30:00,34.77,35.08,32.74,33.36,16481809
09/06/2020 15:30:00,33.6,34.4,32.89,33.22,14926862
10/06/2020 15:30:00,33.11,33.15,32.2,32.4,17218893
11/06/2020 15:30:00,32.2,32.35,31.1,31.32,13906985
12/06/2020 15:30:00,30,32.05,30,31.76,17558010
15/06/2020 15:30:00,31.38,31.5,30.26,30.62,18582927
16/06/2020 15:30:00,31.51,32.26,30.13,30.9,23442027
17/06/2020 15:30:00,30.72,31.48,30.51,30.82,11447411
18/06/2020 15:30:00,30.82,31.92,30.71,31.81,11369278
19/06/2020 15:30:00,32.1,32.59,31.73,32.06,15134693
22/06/2020 15:30:00,31.98,32.8,31.84,32.57,11031385
23/06/2020 15:30:00,32.77,33.35,32.62,33.2,12551154
24/06/2020 15:30:00,33.66,33.82,32.48,32.6,20782956
25/06/2020 15:30:00,32.2,32.74,32.1,32.31,11345728
26/06/2020 15:30:00,32.58,32.99,32.26,32.39,9706335
29/06/2020 15:30:00,32.3,32.6,31.21,32.09,11961198
30/06/2020 15:30:00,32.31,33.77,32.31,32.67,36523647
01/07/2020 15:30:00,32.9,32.96,32.03,32.37,10489533
02/07/2020 15:30:00,32.71,33.75,32.46,33.49,11971928
03/07/2020 15:30:00,33.7,33.7,32.74,32.99,10612730
06/07/2020 15:30:00,33.32,34.17,33.03,33.89,14144208
07/07/2020 15:30:00,33.88,33.89,32.81,33.03,10839521
08/07/2020 15:30:00,33.28,34.64,33.2,33.42,21561168
09/07/2020 15:30:00,33.7,34.85,33.65,34.45,24403806
10/07/2020 15:30:00,34.2,34.43,33.52,33.87,12526909
13/07/2020 15:30:00,34.33,34.7,33.85,34.21,12115002
14/07/2020 15:30:00,33.9,33.9,33.26,33.67,8307089
15/07/2020 15:30:00,34.07,34.65,33.8,33.93,9687663
16/07/2020 15:30:00,33.8,34.65,33.16,34.17,10586106
17/07/2020 15:30:00,34.6,35.68,34.52,35.1,24416975
20/07/2020 15:30:00,35.11,35.47,34.66,35.24,9532817
21/07/2020 15:30:00,35.6,36.06,34.95,35.92,11368275
22/07/2020 15:30:00,36.05,36.29,34.66,35.01,17844237
23/07/2020 15:30:00,35.01,35.64,34.77,35.19,9625277
24/07/2020 15:30:00,34.7,34.98,34.26,34.61,8918940
27/07/2020 15:30:00,35.1,35.39,34.42,35.28,11835628
28/07/2020 15:30:00,35.36,36,35.28,35.85,10640327
29/07/2020 15:30:00,35.9,37.85,35.62,37.38,30116131
30/07/2020 15:30:00,37.7,37.78,36.41,36.66,10399075
31/07/2020 15:30:00,36.56,37.04,36.04,36.63,9024955
03/08/2020 15:30:00,36.48,37.69,36.21,37.35,11137571
04/08/2020 15:30:00,37.45,37.8,36.77,37.23,11184430
05/08/2020 15:30:00,37.31,39.79,37.31,39.58,30559760
06/08/2020 15:30:00,38.98,40.28,38.55,40.05,22123358
07/08/2020 15:30:00,39.59,40.67,39.31,40.41,15176343
10/08/2020 15:30:00,40.58,41.16,39.96,41.02,12018305
11/08/2020 15:30:00,41.31,42.76,41.25,41.65,25885192
12/08/2020 15:30:00,41.37,41.74,40.76,41.45,11574692
13/08/2020 15:30:00,41.82,42.17,40.89,41.31,12422203
14/08/2020 15:30:00,41,43.1,40.91,41.85,47742372
17/08/2020 15:30:00,41.8,42.92,41.43,42.51,18145953
18/08/2020 15:30:00,42.17,43.68,41.97,43.45,17342261
19/08/2020 15:30:00,43.45,43.56,42.89,43.17,11843731
20/08/2020 15:30:00,42.5,43.83,42.31,43.26,15846609
21/08/2020 15:30:00,43.58,44.2,42.66,42.89,13482327
24/08/2020 15:30:00,43.36,43.78,42.81,42.95,9093889
25/08/2020 15:30:00,43.2,43.27,42.15,42.4,10554484
26/08/2020 15:30:00,42.5,42.78,42.22,42.5,7957164
27/08/2020 15:30:00,42.55,43.02,42.3,42.69,9549716
28/08/2020 15:30:00,42.97,43.8,42.31,42.42,15212017
31/08/2020 15:30:00,42.65,43.02,41,41.3,15746139
01/09/2020 15:30:00,41.39,43.27,41.2,42.87,14072848
02/09/2020 15:30:00,43.01,44.17,42.71,43.87,11739341
03/09/2020 15:30:00,44.25,44.37,43.59,43.81,10214289
04/09/2020 15:30:00,42.81,43.4,41.9,42.13,10530674
07/09/2020 15:30:00,42.37,42.84,41.85,42.25,9628406
08/09/2020 15:30:00,42.58,42.58,40.26,40.51,11637370
09/09/2020 15:30:00,39.88,42.02,38.65,41.74,31999875
10/09/2020 15:30:00,42.4,42.59,40.11,40.8,22920783
11/09/2020 15:30:00,40.88,41.27,40.25,40.75,13687127
14/09/2020 15:30:00,41,41.41,40.22,40.47,12331121
15/09/2020 15:30:00,40.7,41.06,40.35,40.53,9132749
16/09/2020 15:30:00,40.65,41,40.27,40.46,9987412
17/09/2020 15:30:00,40.2,40.75,39.32,39.87,14808022
18/09/2020 15:30:00,40.21,40.57,39.34,39.55,16842244
21/09/2020 15:30:00,39.6,39.92,37.1,37.34,14138761
22/09/2020 15:30:00,37.4,37.85,35.82,37.42,22013027
23/09/2020 15:30:00,37.7,37.8,35.65,36.13,16984600
24/09/2020 15:30:00,35.68,35.73,34.28,34.39,12495840
25/09/2020 15:30:00,34.8,35.56,34.42,35.21,12242576
28/09/2020 15:30:00,35.99,36.49,35.57,36.1,12270478
29/09/2020 15:30:00,36.5,37.18,36.17,37.01,17891719
30/09/2020 15:30:00,37.1,37.15,35.8,35.98,12963784
01/10/2020 15:30:00,36.43,37.03,36.32,36.49,9555123
05/10/2020 15:30:00,37.01,38.55,36.95,38.23,19590635
06/10/2020 15:30:00,38.68,38.73,37.31,37.74,14286376
07/10/2020 15:30:00,37.6,37.93,37,37.11,9694124
08/10/2020 15:30:00,37.45,38.3,37.17,37.37,14111169
09/10/2020 15:30:00,37.6,38.7,36.71,36.95,22006588
12/10/2020 15:30:00,37.35,37.72,36.25,37.11,15756861
13/10/2020 15:30:00,37.2,37.63,36.67,36.84,11902564
14/10/2020 15:30:00,37.04,37.73,36.96,37.56,14892188
15/10/2020 15:30:00,38.1,38.86,37.15,37.39,31651023
16/10/2020 15:30:00,37.71,39.59,37.52,39.39,28855527
19/10/2020 15:30:00,39.76,40,39.18,39.55,14729994
20/10/2020 15:30:00,39.2,39.74,38.96,39.24,10949682
21/10/2020 15:30:00,39.63,40.8,39.44,40.41,26351958
22/10/2020 15:30:00,40.19,41.36,40.01,40.97,20888422
23/10/2020 15:30:00,41.3,42.6,41.22,42.35,28588850
26/10/2020 15:30:00,42.34,42.34,40.42,40.84,16608780
27/10/2020 15:30:00,40.87,41.69,40.34,41.1,16062171
28/10/2020 15:30:00,41.15,41.82,40.05,40.23,16965755
29/10/2020 15:30:00,39.95,40.5,39.53,40.14,13860410
30/10/2020 15:30:00,40.27,41.29,39.52,41.06,18021051
02/11/2020 15:30:00,41,41.25,39.87,40.28,13143109
03/11/2020 15:30:00,40.75,41.22,40.45,40.69,12258034
04/11/2020 15:30:00,40.89,41.51,40.14,40.39,13614366
05/11/2020 15:30:00,41.2,42.83,40.92,42.55,26517756
06/11/2020 15:30:00,42.45,43.29,42.27,42.65,17398193
09/11/2020 15:30:00,43.3,43.99,42.74,43.83,15830862
10/11/2020 15:30:00,44,45.33,43.56,44.19,26200240
11/11/2020 15:30:00,44.19,47.74,43.96,47.4,36861833
12/11/2020 15:30:00,47.2,47.99,46.63,47.32,23493685
13/11/2020 15:30:00,47.09,48.84,46.5,48.66,23418187
17/11/2020 15:30:00,50.6,53.1,50.17,52.27,64284599
18/11/2020 15:30:00,51.8,52.38,51.07,51.72,17481513
19/11/2020 15:30:00,51.19,53.57,51,52.36,20137998
20/11/2020 15:30:00,52.6,54.17,52.1,53.29,26686000
23/11/2020 15:30:00,53.8,54.6,53.64,54.31,17025425
24/11/2020 15:30:00,54.8,55.05,54.14,54.83,13029126
25/11/2020 15:30:00,55.1,55.87,53.95,54.13,17680989
26/11/2020 15:30:00,54.6,57.11,54.13,56.84,22570185
27/11/2020 15:30:00,57,58.24,56.31,57.74,46291248
01/12/2020 15:30:00,59.2,59.2,57.7,58.58,14739109
02/12/2020 15:30:00,58.57,60.76,58.41,60.44,24997085
03/12/2020 15:30:00,60.9,62.48,60.8,62.09,24775652
04/12/2020 15:30:00,62.4,63.25,61.46,62.27,20153552
07/12/2020 15:30:00,62.36,62.9,60.95,61.46,15588321
08/12/2020 15:30:00,61.6,62.15,60.25,61.35,17015853
09/12/2020 15:30:00,61.8,62.07,60.71,60.94,12730731
10/12/2020 15:30:00,60.6,61.4,59.35,61.01,19829328
11/12/2020 15:30:00,61.49,62.55,61.43,62.17,16395698
14/12/2020 15:30:00,62.68,63.89,62.53,62.68,17722715
15/12/2020 15:30:00,62.35,63.71,61.74,63.54,13226312
16/12/2020 15:30:00,64.12,64.94,63.82,64.34,16040256
17/12/2020 15:30:00,64.34,64.6,63.15,63.53,7965186
18/12/2020 15:30:00,63.83,64.08,62.8,63.13,25351506
21/12/2020 15:30:00,62.4,62.77,58.56,59.59,19076654
22/12/2020 15:30:00,59.6,61.05,58.5,60.14,18846879
23/12/2020 15:30:00,59.9,62.42,59.63,62.14,12238343
24/12/2020 15:30:00,62.53,63.7,61.93,62.23,12090740
28/12/2020 15:30:00,62.83,63.54,62.66,63.27,10480517
29/12/2020 15:30:00,63.79,63.97,62.11,63.22,10416326
30/12/2020 15:30:00,63.3,64.4,62.41,64.05,11514428
31/12/2020 15:30:00,63.66,65.35,63.66,64.36,17713012
01/01/2021 15:30:00,64.5,64.97,64,64.31,8411396
04/01/2021 15:30:00,64.9,69.99,64.65,69.3,38184955
05/01/2021 15:30:00,68.7,69.39,67.51,68.06,21545254
06/01/2021 15:30:00,68.4,69.67,67.5,68.38,19610522
07/01/2021 15:30:00,69.3,73.15,69.17,72.28,38232194
08/01/2021 15:30:00,72.7,72.72,70.31,71.32,19329313
11/01/2021 15:30:00,71.2,71.2,68.82,69.57,17024509
12/01/2021 15:30:00,69.5,72.45,69.11,69.49,24525484
13/01/2021 15:30:00,70.15,71.46,69.3,70.92,19353871
14/01/2021 15:30:00,71,71.44,69.71,70.64,11540858
15/01/2021 15:30:00,71.2,72.15,69.77,70.59,20688437
18/01/2021 15:30:00,70.8,70.88,65.95,66.67,25045226
19/01/2021 15:30:00,67.2,68.4,64.7,68.11,31245118
20/01/2021 15:30:00,69.02,69.95,68.26,69.02,23313150
21/01/2021 15:30:00,69.1,69.47,66.16,66.67,16117867
22/01/2021 15:30:00,67,67.58,63.37,64.7,23715665
25/01/2021 15:30:00,65.1,66.19,63.1,65.19,16348473
27/01/2021 15:30:00,65.09,65.11,62.38,62.6,14918084
28/01/2021 15:30:00,61.8,63.06,61.26,62.37,17091752
29/01/2021 15:30:00,63.01,63.38,59.6,60.1,26826575
01/02/2021 15:30:00,60.49,64,59.75,63.61,21084694
02/02/2021 15:30:00,64.3,64.8,62.41,64.17,18048957
03/02/2021 15:30:00,64.49,66.43,63.73,65.32,14846381
04/02/2021 15:30:00,65.4,66.35,63.86,65.6,14764995
05/02/2021 15:30:00,65.69,69.06,65.14,68.51,29100888
08/02/2021 15:30:00,69.4,70.49,68.27,70.3,21462169
09/02/2021 15:30:00,70.65,71.65,69.16,69.92,29337028
10/02/2021 15:30:00,71,72.45,68.01,69.03,57397919
11/02/2021 15:30:00,68.76,70.46,68.29,69.47,16340705
12/02/2021 15:30:00,69.5,69.79,67.85,68.05,14705479
15/02/2021 15:30:00,68.71,68.8,67,67.22,13171672
16/02/2021 15:30:00,67.22,70.86,66.83,69.92,33661838
17/02/2021 15:30:00,69.77,70.35,68.75,69.68,15957483
18/02/2021 15:30:00,70,71.1,69.4,69.78,14856147
19/02/2021 15:30:00,69.6,69.6,65.6,67.07,22392386
22/02/2021 15:30:00,67.29,69.79,67.08,68.46,28149109
23/02/2021 15:30:00,68.96,73.6,68.22,72.93,38907071
24/02/2021 15:30:00,73.5,74.5,72,72.77,21676789
25/02/2021 15:30:00,73.52,75.3,73.19,74.29,21901596
26/02/2021 15:30:00,72.5,74.16,71.11,71.52,23551591
01/03/2021 15:30:00,72.4,73.83,71.14,73.04,14058646
02/03/2021 15:30:00,73.05,73.97,72.32,73.55,11113399
03/03/2021 15:30:00,74.1,78.25,74.1,77.72,28842835
04/03/2021 15:30:00,75.1,76.69,74.36,75.8,22873822
05/03/2021 15:30:00,74.85,75.6,72.7,73.33,16881960
08/03/2021 15:30:00,74.4,75.12,73.51,73.72,10614596
09/03/2021 15:30:00,74.5,75.1,70.22,70.68,19556438
10/03/2021 15:30:00,71.49,73,70.31,72.45,19685860
12/03/2021 15:30:00,74,74.5,71.4,72,16121409
15/03/2021 15:30:00,72.2,73.9,71.51,73.64,15543231
16/03/2021 15:30:00,74.01,74.01,71.92,72.41,12569998
17/03/2021 15:30:00,72.5,72.6,70.07,70.44,10540959
18/03/2021 15:30:00,71.63,72.29,69.83,70.49,14320651
19/03/2021 15:30:00,70.28,73.68,68.13,73.3,24637814
22/03/2021 15:30:00,73.11,74.57,72.5,74.35,13760370
23/03/2021 15:30:00,74.6,74.94,73.33,74.11,11873896
24/03/2021 15:30:00,73.1,73.3,69.9,70.28,21030283
25/03/2021 15:30:00,71.01,73.07,68.83,72.32,36722400
26/03/2021 15:30:00,73.04,77.49,72.52,76.69,42912247
30/03/2021 15:30:00,78,81,77.79,80,28480338
31/03/2021 15:30:00,79.4,82.35,79.01,81.19,28044585
01/04/2021 15:30:00,82.1,86.89,81.9,86.31,36842098
05/04/2021 15:30:00,86.2,87.79,83.72,86.78,30575986
06/04/2021 15:30:00,87.55,88.25,85.82,86.29,20778920
07/04/2021 15:30:00,86.95,88.5,86.47,87.49,17113208
08/04/2021 15:30:00,88.4,95.37,88.27,91.84,53063056
09/04/2021 15:30:00,92.1,93,88.57,89.95,32179069
12/04/2021 15:30:00,87.66,89.32,84.34,85.16,22135504
13/04/2021 15:30:00,86.2,88.16,84.9,87.9,20428502
15/04/2021 15:30:00,89.2,91.15,87.95,89.82,21856357
16/04/2021 15:30:00,90.38,91.44,88.63,89.03,17398598
19/04/2021 15:30:00,86.98,89.9,86,88.81,19146996
20/04/2021 15:30:00,90,90.58,88.2,89.4,16915293
22/04/2021 15:30:00,90,93.87,89.71,92.14,31902815
23/04/2021 15:30:00,92.98,94.5,91.08,92.56,24752386
26/04/2021 15:30:00,93.5,95.6,93.01,94.08,21234858
27/04/2021 15:30:00,94.83,98.3,94.43,97.78,24904515
28/04/2021 15:30:00,98.5,98.6,96.2,97.14,20447968
29/04/2021 15:30:00,98.3,103.7,98.3,103.14,44718647
30/04/2021 15:30:00,102.4,105.26,101.11,103.4,28129738
03/05/2021 15:30:00,103.2,106.9,101.85,106.48,26484100
04/05/2021 15:30:00,107.45,108.67,105.76,106.39,24961628
05/05/2021 15:30:00,108.4,108.84,104.7,107.02,19249839
06/05/2021 15:30:00,105.5,112.9,104.25,110.09,46434537
07/05/2021 15:30:00,113.5,119.2,113.01,118.24,54075433
10/05/2021 15:30:00,121,122.9,120,121.64,28080884
11/05/2021 15:30:00,119,124.6,117.69,123.39,41108381
12/05/2021 15:30:00,123.2,124.69,116.33,117.92,30889192
14/05/2021 15:30:00,118.5,118.5,111.52,113.21,37648032
17/05/2021 15:30:00,113.8,115.82,110.35,115.09,28753430
18/05/2021 15:30:00,117.5,119.65,115.71,118,24573880
19/05/2021 15:30:00,117.3,118.96,115.8,116.43,17435026
20/05/2021 15:30:00,113.11,113.55,109.81,110.51,28446253
21/05/2021 15:30:00,111.4,112.39,110.59,111.31,14104926
24/05/2021 15:30:00,110.8,110.9,108.21,109.2,18923842
25/05/2021 15:30:00,110.2,112.6,110,110.52,18113752
26/05/2021 15:30:00,109.05,109.4,107.25,108.22,15432703
27/05/2021 15:30:00,108.22,110.98,107.5,109.67,22791032
28/05/2021 15:30:00,113.1,114.36,109.75,110.35,19208581
31/05/2021 15:30:00,111.2,112.97,109.9,112.57,15428647
01/06/2021 15:30:00,112,112.3,108.55,110.09,17690925
02/06/2021 15:30:00,110.5,112.98,110.4,112.41,12862591
03/06/2021 15:30:00,112.96,113.98,111.3,112.2,12109477
04/06/2021 15:30:00,111.6,112.88,110.7,112.07,9713347
07/06/2021 15:30:00,113,115,112.56,112.87,12218592
08/06/2021 15:30:00,113.27,113.27,110.01,111.11,10834373
09/06/2021 15:30:00,111.7,112.8,109.4,110.1,11114338
10/06/2021 15:30:00,110.93,112.58,110.29,111.45,7776764
11/06/2021 15:30:00,112.78,116.46,111.31,115.84,17445856
14/06/2021 15:30:00,116.8,117.87,114,116.48,16031264
15/06/2021 15:30:00,117,118.68,116.01,117.43,9768102
16/06/2021 15:30:00,116.9,118.48,113.17,114.22,17521107
17/06/2021 15:30:00,111.9,113.38,109.57,110.38,16207687
18/06/2021 15:30:00,110.5,110.99,105.03,109.23,40347077
21/06/2021 15:30:00,107,110.9,106.37,110.62,13001432
22/06/2021 15:30:00,111.42,113.1,110.65,111.23,9024634
23/06/2021 15:30:00,112.05,112.76,109.79,110.01,7806336
24/06/2021 15:30:00,110.5,112.05,109.85,111.32,7239470
25/06/2021 15:30:00,113.5,117,113,116.53,18022770
28/06/2021 15:30:00,117.4,118.9,116.3,118.4,11660335
29/06/2021 15:30:00,118.45,119.2,116.56,117.26,7803759
30/06/2021 15:30:00,118.11,119.1,116.28,116.66,8043267
01/07/2021 15:30:00,117.19,117.68,115.65,116.36,5614928
02/07/2021 15:30:00,116.6,116.68,113.02,113.6,7573407
05/07/2021 15:30:00,114.6,116.18,113.6,115.69,7679900
06/07/2021 15:30:00,115.87,117.8,115.03,116.73,9146835
07/07/2021 15:30:00,116.8,122.5,115.85,121.87,16745626
08/07/2021 15:30:00,122.5,123,118.12,118.98,12410585
09/07/2021 15:30:00,119.2,124.41,118.8,123.94,17859356
12/07/2021 15:30:00,125.1,125.85,121.84,122.7,16647775
13/07/2021 15:30:00,123.8,124.35,122.31,122.88,7915528
14/07/2021 15:30:00,123.2,124.77,121.9,124.47,8341388
15/07/2021 15:30:00,124.61,126.58,123.77,125.6,9655551
16/07/2021 15:30:00,126.47,128.13,125.91,127.85,8496925
19/07/2021 15:30:00,125.9,129.09,125.37,126.64,8904629
20/07/2021 15:30:00,127.2,127.23,122.5,123.34,8579940
22/07/2021 15:30:00,124.9,127.8,124.8,127.3,7894024
23/07/2021 15:30:00,127.94,129.55,127.4,128.14,8641865
26/07/2021 15:30:00,128.9,130.82,127.81,129.79,8678433
27/07/2021 15:30:00,131.5,133.45,130.81,133.07,10341382
28/07/2021 15:30:00,133.2,137,130.62,136.5,12835125
29/07/2021 15:30:00,137.5,148.18,136.8,145.86,30061041
30/07/2021 15:30:00,145.57,147.27,142.78,143.43,14049265
02/08/2021 15:30:00,144.6,144.7,140.55,141.01,9768920
03/08/2021 15:30:00,141.4,142.09,139.04,140.72,8640560
04/08/2021 15:30:00,142,144.8,140.51,141.62,11289435
05/08/2021 15:30:00,141.53,145,138.75,144.66,16221799
06/08/2021 15:30:00,144.9,145.7,142.6,142.89,9674025
09/08/2021 15:30:00,143.4,144.32,140.54,141.22,7859493
10/08/2021 15:30:00,141.2,141.8,136.72,137.36,8451623
11/08/2021 15:30:00,139,142.97,138.42,142.62,14535357
12/08/2021 15:30:00,143.6,144.47,141.66,143.54,10943108
13/08/2021 15:30:00,140.5,147.66,139.07,146.17,28969872
16/08/2021 15:30:00,148.4,153.45,147.22,151.94,27114488
17/08/2021 15:30:00,151.94,153.4,149.18,150.37,18970923
18/08/2021 15:30:00,150.95,151.89,148.82,150.04,12331745
20/08/2021 15:30:00,144.51,144.7,136.28,137.56,27340069
23/08/2021 15:30:00,140.2,140.98,131.07,135.87,22925729
24/08/2021 15:30:00,138.2,142,137.7,140.47,17607579
25/08/2021 15:30:00,141.8,142.6,138.07,139.02,12565010
26/08/2021 15:30:00,139.04,139.48,136.5,137.51,9157898
27/08/2021 15:30:00,137.9,139.45,137.59,138.42,7394081
30/08/2021 15:30:00,139.9,144.5,139.8,144.06,13444387
31/08/2021 15:30:00,144.5,145.9,143.2,145.03,24752108
01/09/2021 15:30:00,145.13,145.55,140.7,141.12,8812897
02/09/2021 15:30:00,141.1,143.2,141,142.51,6148046
03/09/2021 15:30:00,142.8,145.29,141.65,144.37,8452382
06/09/2021 15:30:00,144.7,145.2,142.32,143.7,6958676
07/09/2021 15:30:00,144.4,145.9,142.07,142.87,6352717
08/09/2021 15:30:00,142.6,144.26,141.86,142.99,4676224
09/09/2021 15:30:00,142,145.2,142,144.7,5313030
13/09/2021 15:30:00,144.7,147.2,143.65,146.35,5670208
14/09/2021 15:30:00,147.6,147.6,144.9,145.23,5503767
15/09/2021 15:30:00,145.23,146.37,144.44,145.51,4417464
16/09/2021 15:30:00,146,147.19,143.13,143.68,5606797
17/09/2021 15:30:00,143.7,144.03,136,138.59,19572030
20/09/2021 15:30:00,135,135.19,124.74,125.31,28238412
21/09/2021 15:30:00,125.8,129.69,123.29,129.22,25593540
22/09/2021 15:30:00,129.94,131.8,128.31,130.58,11124247
23/09/2021 15:30:00,133,133.95,130.6,131.87,9946251
24/09/2021 15:30:00,132,132.4,125.85,127.21,13286616
27/09/2021 15:30:00,127.2,128.87,126.11,127.05,8668877
28/09/2021 15:30:00,127.35,129.68,126.3,128.1,8100736
29/09/2021 15:30:00,127,130.98,126.72,129.56,9494577
30/09/2021 15:30:00,130.3,131.64,128.39,128.89,7514568
01/10/2021 15:30:00,127.5,131.1,126.5,129.79,9037470
04/10/2021 15:30:00,129.79,132.78,128.04,132.42,9690237
05/10/2021 15:30:00,131.4,133.27,131.01,131.69,5795216
06/10/2021 15:30:00,131.99,132.86,127.32,127.99,8631693
07/10/2021 15:30:00,129.5,130.68,128.35,128.92,4603367
08/10/2021 15:30:00,130.2,134.41,129.64,130.12,10722015
11/10/2021 15:30:00,130.5,132.74,129.8,131.32,6349658
12/10/2021 15:30:00,131.32,133.5,130.5,132.91,6097019
13/10/2021 15:30:00,132.55,137.66,131.81,135.43,13285718
14/10/2021 15:30:00,137.4,139.06,135.4,137.51,8227371
18/10/2021 15:30:00,141.8,142.48,139.11,141.1,10923230
19/10/2021 15:30:00,142.1,142.66,135.76,136.69,8756924
20/10/2021 15:30:00,137.2,137.6,132.67,134.33,6975774
21/10/2021 15:30:00,135.67,135.79,128.97,131.47,8357573
22/10/2021 15:30:00,132,132.47,127.1,129.63,8071289
25/10/2021 15:30:00,130.2,131.6,126.73,129.33,6418501
26/10/2021 15:30:00,130.3,135.1,130.15,134.37,7722875
27/10/2021 15:30:00,134.6,135.17,132.13,132.62,7241804
28/10/2021 15:30:00,131.49,131.6,129.11,129.96,9307682
29/10/2021 15:30:00,129.03,133.37,129,131.6,7914760
01/11/2021 15:30:00,134,137.29,133,136.49,9687533
02/11/2021 15:30:00,137,137,131.08,131.37,7216137
03/11/2021 15:30:00,132.48,133.2,131.2,132.6,5730244
04/11/2021 19:15:00,133.1,133.5,132.41,132.59,674434
08/11/2021 15:30:00,134.09,134.76,130.61,134.32,5493667
09/11/2021 15:30:00,134.29,136.03,132.89,133.6,4756516
10/11/2021 15:30:00,132.8,132.9,128.71,129.85,11880417
11/11/2021 15:30:00,130.49,132.45,128.84,129.96,13663860
12/11/2021 15:30:00,134,134,127.11,128.73,23239558
15/11/2021 15:30:00,129.5,129.9,124.15,124.55,12108215
16/11/2021 15:30:00,124.55,126.11,122.37,122.88,12314880
17/11/2021 15:30:00,122.5,123.74,121.51,122.01,8780204
18/11/2021 15:30:00,122.36,122.83,118.2,118.66,10108351
22/11/2021 15:30:00,118.81,119.68,114.6,116.51,9621001
23/11/2021 15:30:00,116.81,120.9,116.52,119.21,9382963
24/11/2021 15:30:00,120.04,120.3,117.12,117.85,6767101
25/11/2021 15:30:00,118,118.66,116.6,117.37,4750286
26/11/2021 15:30:00,115.79,115.95,110.63,111.23,10645526
29/11/2021 15:30:00,111.23,113.7,107.51,111.48,9392991
30/11/2021 15:30:00,111.1,112.79,106.3,107.12,13355984
01/12/2021 15:30:00,109.2,109.7,106.65,108.26,9379114
02/12/2021 15:30:00,108.3,111.6,107.4,111.24,9128681
03/12/2021 15:30:00,111.5,113.42,110.23,111.8,10073784
06/12/2021 15:30:00,111.4,114.1,110.22,110.88,8215940
07/12/2021 15:30:00,112.11,115.56,112.1,114.88,8505390
08/12/2021 15:30:00,115.9,117.7,114.9,117.3,7448501
09/12/2021 15:30:00,118.2,118.2,115.9,117.69,5212394
10/12/2021 15:30:00,117.35,118.89,116.76,118,4812130
13/12/2021 15:30:00,118.8,119.9,116.17,116.53,5353778
14/12/2021 15:30:00,115.9,117.79,114.7,116.72,5352264
15/12/2021 15:30:00,117.01,117.56,114.9,115.41,4430833
16/12/2021 15:30:00,116.4,116.88,114.36,115.32,4246008
17/12/2021 15:30:00,115.4,115.89,112.5,113.21,4743502
20/12/2021 15:30:00,111.7,111.72,106.61,107.3,7352650
21/12/2021 15:30:00,109,112.43,108.5,110.51,7026849
22/12/2021 15:30:00,111.5,113.1,111,112.89,4366917
23/12/2021 15:30:00,113.8,114.68,112.02,112.77,4621478
24/12/2021 15:30:00,113.01,113.35,110.39,111.55,4093630
27/12/2021 15:30:00,111.11,112.47,110.24,112.18,2758851
28/12/2021 15:30:00,112.7,113.15,112.2,112.75,2880781
29/12/2021 15:30:00,112,112.67,110.8,111.63,4193520
30/12/2021 15:30:00,111.79,112.7,109.9,110.1,4114093
31/12/2021 15:30:00,110.5,112.35,110.27,111.15,3687021
03/01/2022 15:30:00,111.5,115.1,111.5,114.25,3865803
04/01/2022 15:30:00,115.3,115.97,113.65,114.88,5975731
05/01/2022 15:30:00,114.7,118.08,114.13,117.76,6186176
06/01/2022 15:30:00,117.2,118.3,115.56,116.33,5335400
07/01/2022 15:30:00,116.52,117.4,114.79,116.04,3973857
10/01/2022 15:30:00,116.5,117.34,115.39,116.91,3822500
11/01/2022 15:30:00,115.87,116.27,111.3,113.03,9697885
12/01/2022 15:30:00,113.99,115.08,113.24,114.72,5035843
13/01/2022 15:30:00,115.4,122.55,115.22,122.12,15723116
14/01/2022 15:30:00,121.3,122.63,120.61,121.36,5267907
17/01/2022 15:30:00,121.5,124.5,119.04,122.98,8969607
18/01/2022 15:30:00,123,123.38,119,119.49,5840897
19/01/2022 15:30:00,119.6,122.09,118.3,120.96,7304321
20/01/2022 15:30:00,121.01,122.4,119.7,120.67,5920597
21/01/2022 15:30:00,120,120.43,115.64,116.97,7166267
24/01/2022 15:30:00,116,116.37,109,109.92,8392076
25/01/2022 15:30:00,109.47,112.1,108.71,110.91,5733063
27/01/2022 15:30:00,109,110.35,106.13,108.84,9056656
28/01/2022 15:30:00,110.59,112.58,108.1,108.47,7864893
31/01/2022 15:30:00,110.99,111.46,108.05,108.56,5570939
01/02/2022 15:30:00,110.49,117.45,108.64,116.74,17075268
02/02/2022 15:30:00,117.99,117.99,115.83,116.75,7524734
03/02/2022 15:30:00,115.3,118.17,114.63,116.66,6514090
04/02/2022 15:30:00,117.38,119.78,117.03,117.63,9317418
07/02/2022 15:30:00,116.83,121.46,116.1,118.3,14510525
08/02/2022 15:30:00,119.5,122.24,117.15,121.96,14083984
09/02/2022 15:30:00,123.1,123.4,120.82,122.24,7352060
10/02/2022 15:30:00,123,125.43,122.6,124.84,9392057
11/02/2022 15:30:00,123.9,126.5,123.31,125.45,9676226
14/02/2022 15:30:00,122.01,122.78,118.01,118.69,8021613
15/02/2022 15:30:00,119.69,121.2,115.16,120.78,10188921
16/02/2022 15:30:00,121.5,121.79,118.65,119.18,6609214
17/02/2022 15:30:00,120.11,120.95,118.62,119.1,5655792
18/02/2022 15:30:00,118.7,120.5,118.3,119.08,4725120
21/02/2022 15:30:00,118.8,120.2,117.44,118.19,4978732
22/02/2022 15:30:00,115.8,116.67,111.93,113.87,9385857
23/02/2022 15:30:00,114.8,115.26,113.4,113.9,4960838
24/02/2022 15:30:00,109.4,112,106.71,107.4,12126867
25/02/2022 15:30:00,109.77,115.07,109.56,114.54,9212886
28/02/2022 15:30:00,113.4,122.5,112.92,122.08,17605446
02/03/2022 15:30:00,122.08,129.96,121.86,128.94,24847532
03/03/2022 15:30:00,130.6,132.87,129.37,130.33,17450338
04/03/2022 15:30:00,130.24,131.99,127.3,127.71,16282923
07/03/2022 15:30:00,127.59,130.18,126.4,129.19,11040001
08/03/2022 15:30:00,129.3,129.4,124.4,126.95,9107822
09/03/2022 15:30:00,127.39,127.68,124.86,125.54,6934888
10/03/2022 15:30:00,125.79,131.38,124.1,130.87,13674062
11/03/2022 15:30:00,131.5,133.99,129.62,130.17,11882299
14/03/2022 15:30:00,130.5,131.17,127.77,129.7,5278082
15/03/2022 15:30:00,129.18,129.3,122.8,123.38,9614313
16/03/2022 15:30:00,124.5,127.12,124.02,126.53,6302451
17/03/2022 15:30:00,127.5,131.78,127.11,130.35,10623976
21/03/2022 15:30:00,130.8,133.4,129.45,130.29,8422763
22/03/2022 15:30:00,132,133,128.81,130.2,8179588
23/03/2022 15:30:00,132.4,134.78,129.24,133.1,13055238
24/03/2022 15:30:00,133.1,135.95,132.6,135.06,9460527
25/03/2022 15:30:00,135.49,136.6,133.35,133.9,6945744
28/03/2022 15:30:00,134,135.5,132.76,133.9,4655491
29/03/2022 15:30:00,134.4,134.62,132.7,133.47,4320237
30/03/2022 15:30:00,133.5,133.56,130,130.81,5848316
31/03/2022 15:30:00,130.8,132.04,130.01,130.72,4006795
01/04/2022 15:30:00,131,134.09,130.54,131.71,5532159
04/04/2022 15:30:00,131.71,135.4,131.45,134.19,6967032
05/04/2022 15:30:00,134.85,135.8,132.93,134.49,6329642
06/04/2022 15:30:00,135,138.67,134.68,137.07,11409754
07/04/2022 15:30:00,137.7,138.1,134.1,134.95,5565064
08/04/2022 15:30:00,136.1,138,135.63,137.07,5228771
11/04/2022 15:30:00,137.07,138.4,135.3,135.79,4477882
12/04/2022 15:30:00,135.3,136,129.61,132.03,6919168
13/04/2022 15:30:00,133.5,134.6,131.5,131.95,4493780
18/04/2022 15:30:00,133.19,135.81,132.89,133.91,8070042
19/04/2022 15:30:00,135.26,136.67,130.9,132.66,6477219
20/04/2022 15:30:00,132.97,133.65,130.31,131.43,5410021
21/04/2022 15:30:00,131.6,132.28,128.59,130.22,6669028
22/04/2022 15:30:00,130.16,131.16,127.38,127.76,5584823
25/04/2022 15:30:00,125,126.3,121.28,122.04,7231046
26/04/2022 15:30:00,123.5,124.17,122.5,123.36,4481271
27/04/2022 15:30:00,122.7,125.5,121.04,124.67,7120974
28/04/2022 15:30:00,125.95,126.87,124.3,126.09,5129583
29/04/2022 15:30:00,126.8,129.17,126.57,127.11,5717352
02/05/2022 15:30:00,125.7,130.28,124.88,129.52,5442617
04/05/2022 15:30:00,132.73,133,125.45,126.14,13837402
05/05/2022 15:30:00,128,131.65,127.8,128.43,8733816
06/05/2022 15:30:00,126.8,129,124.3,128.37,6925676
09/05/2022 15:30:00,126,127.42,124.4,125.23,5055297
10/05/2022 15:30:00,125.1,125.47,115.86,116.49,14553742
11/05/2022 15:30:00,117.5,119.09,112.34,116.57,10706315
12/05/2022 15:30:00,115.69,116.24,110.3,111.77,9419161
13/05/2022 15:30:00,113.5,115.18,109.2,109.7,8292441
16/05/2022 15:30:00,111.9,113.48,109.4,110.35,6266527
17/05/2022 15:30:00,112.4,119.72,111.54,118.87,11287601
18/05/2022 15:30:00,119.7,120.9,117.5,118.03,8157580
19/05/2022 15:30:00,115.1,115.49,111.52,112.22,6654563
20/05/2022 15:30:00,116.24,117.84,114.12,117.06,6552750
23/05/2022 15:30:00,109.7,109.7,100.16,102.3,27388346
24/05/2022 15:30:00,103.1,103.99,100.2,100.64,12311666
25/05/2022 15:30:00,100.64,101.84,99.18,99.91,9934340
26/05/2022 15:30:00,100.7,106.76,99.53,105.2,15053673
27/05/2022 15:30:00,106.25,106.77,103.2,104.35,7477220
30/05/2022 15:30:00,105.9,106.38,104.35,104.75,7270159
31/05/2022 15:30:00,104.5,107.19,103.7,105.57,12124885
01/06/2022 15:30:00,106.55,107.9,105.33,106.36,9405529
02/06/2022 15:30:00,106.78,108.48,105.91,108.16,7917704
03/06/2022 15:30:00,109.2,109.28,106.5,106.73,5395486
06/06/2022 15:30:00,106.5,108.29,104.92,107.81,5726249
07/06/2022 15:30:00,106.7,108.15,106.36,106.85,4334157
08/06/2022 15:30:00,108.1,108.89,107.41,108.68,6473434
09/06/2022 15:30:00,107.5,108.73,104.12,104.49,9854781
10/06/2022 15:30:00,103,103.14,101.07,102.37,9522563
13/06/2022 15:30:00,100.43,101.2,99,99.2,8223575
14/06/2022 15:30:00,98.83,101.37,98.56,99.62,7720260
15/06/2022 15:30:00,95.4,97.43,95.07,95.96,9244333
16/06/2022 15:30:00,97.5,97.5,89.82,90.17,12274105
17/06/2022 15:30:00,89.8,92.74,89.55,90.67,12129026
20/06/2022 15:30:00,90.5,90.5,84.27,86.14,13986689
21/06/2022 15:30:00,87.5,89.55,86.4,88.48,12452697
22/06/2022 15:30:00,87.3,87.39,83.57,83.81,10987739
23/06/2022 15:30:00,84,85.6,82.7,84.13,11151584
24/06/2022 15:30:00,85,86.48,84.47,85.29,8543381
27/06/2022 15:30:00,87.05,87.89,86.31,86.79,7281473
28/06/2022 15:30:00,86.6,88.44,86.04,87.89,8464733
29/06/2022 15:30:00,87,88.88,86.85,88.16,7231847
30/06/2022 15:30:00,88.15,89.45,86.33,86.71,8467209
01/07/2022 15:30:00,86.7,87.5,85.91,87.29,5476189
04/07/2022 15:30:00,86.85,87.12,84.33,85.46,7755441
05/07/2022 15:30:00,86.2,87.92,85.78,86.02,7905829
06/07/2022 15:30:00,85.85,86.11,83.81,85.82,8143971
07/07/2022 15:30:00,86.7,90.66,85.85,90,11100794
08/07/2022 15:30:00,91.79,91.79,88.05,88.59,11200063
11/07/2022 15:30:00,88.52,92.9,87.51,91.28,15019334
12/07/2022 15:30:00,90.49,91.6,89.36,90.21,10017505
13/07/2022 15:30:00,90.6,91.42,90.07,90.49,7013511
14/07/2022 15:30:00,91,91.1,89.5,90.8,7449858
15/07/2022 15:30:00,90.5,91.03,87.75,88.38,8125351
18/07/2022 15:30:00,89.7,90.8,89.23,90.43,7306081
19/07/2022 15:30:00,90.1,92.19,90.1,91.95,8534158
20/07/2022 15:30:00,93.6,93.8,92.52,92.85,7708865
21/07/2022 15:30:00,93,93.89,92.45,93.43,5087714
22/07/2022 15:30:00,94.25,94.4,93.2,93.61,4860894
25/07/2022 15:30:00,93.5,96.49,93.36,96.07,9963563
26/07/2022 15:30:00,97.2,97.67,94.61,94.95,12626469
27/07/2022 15:30:00,95.1,96.16,94.36,95.94,5255902
28/07/2022 15:30:00,98.1,102,97.15,100.35,137156107
29/07/2022 15:30:00,103,109.3,102.15,107.6,166959934
01/08/2022 15:30:00,110.5,111.45,106.15,108.25,125365761
02/08/2022 15:30:00,108,108,105.35,107,64935371
03/08/2022 15:30:00,107,108.45,106,107.05,61428846
04/08/2022 15:30:00,107.5,109.5,106.05,107.7,79526154
05/08/2022 15:30:00,107.65,109.25,107.1,107.35,54469112
08/08/2022 15:30:00,107.85,108.15,106.7,107.2,41384943
10/08/2022 15:30:00,107.9,109.9,106.5,109.2,73880698
11/08/2022 15:30:00,110.3,110.65,108.6,109.1,75321498
12/08/2022 15:30:00,109.35,112.9,108.8,112.65,95942333
16/08/2022 15:30:00,113.7,113.7,111.1,113,69207437
17/08/2022 15:30:00,113.5,113.5,112.25,112.5,54008422
18/08/2022 15:30:00,112.5,113,111.4,112.55,49396425
19/08/2022 15:30:00,112.55,112.9,109.55,110.05,57134813
22/08/2022 15:30:00,109.5,109.6,104.7,105.05,74037526
23/08/2022 15:30:00,104.2,108.25,103.5,107.6,70531639
24/08/2022 15:30:00,107.55,108.15,105.75,106.55,55686404
25/08/2022 15:30:00,107.05,107.9,105.75,106.25,42186335
26/08/2022 15:30:00,107.25,109.2,107.1,107.35,71257092
29/08/2022 15:30:00,104.05,105.65,103.25,104.85,59895805
30/08/2022 15:30:00,106.5,108.5,106.05,108.3,67401780
01/09/2022 15:30:00,107,107.75,105.9,106.4,52454732
02/09/2022 15:30:00,107,107,105,105.5,45601352
05/09/2022 15:30:00,106.05,107.3,105.8,106.9,40352735
06/09/2022 15:30:00,107.4,108.8,106.05,108.6,59505849
07/09/2022 15:30:00,107.55,108.9,107.1,107.6,43945660
08/09/2022 15:30:00,108.4,108.4,105.35,105.85,71228405
09/09/2022 15:30:00,107,107.35,105.5,105.7,63647166
12/09/2022 15:30:00,106.8,107.95,106.5,107.75,40838533
13/09/2022 15:30:00,108,108.7,107.55,107.75,44179394
14/09/2022 15:30:00,106.3,110.4,105.8,109.15,86379872
15/09/2022 15:30:00,108.65,109,106.5,107,62926791
16/09/2022 15:30:00,106.2,107.5,105,105.7,107967267
19/09/2022 15:30:00,106.2,106.2,103,103.1,51146568
20/09/2022 15:30:00,104.2,106.35,104,105.8,52140254
21/09/2022 15:30:00,105.8,107.2,104.3,104.45,46142823
22/09/2022 15:30:00,104.45,105.3,103.5,103.6,61380323
23/09/2022 15:30:00,106.2,107.9,103.75,104.3,109765520
26/09/2022 15:30:00,104.4,104.45,98.5,99.85,101291962
27/09/2022 15:30:00,101.35,101.35,96.5,97.65,104949032
28/09/2022 15:30:00,96.55,97.85,95,95.2,71724106
29/09/2022 15:30:00,97,98.25,96.4,96.85,60884592
30/09/2022 15:30:00,96.85,100.4,95.7,99.3,66436616
03/10/2022 15:30:00,99.6,99.65,98,98.35,37282313
04/10/2022 15:30:00,100.3,101.5,100,101.15,40186702
06/10/2022 15:30:00,102,103.8,101.75,103.55,48169310
07/10/2022 15:30:00,103.3,103.5,101.9,103.3,36080875
10/10/2022 15:30:00,102,103.5,101.15,103.2,36641275
11/10/2022 15:30:00,103.55,103.65,99.8,100.35,41083734
12/10/2022 15:30:00,100.35,101.2,99,100.55,41357469
13/10/2022 15:30:00,101.1,101.8,98.8,100.1,34668093
14/10/2022 15:30:00,101.85,102.8,99.9,100.1,32456805
17/10/2022 15:30:00,99.75,100.4,98.1,99.55,37568783
18/10/2022 15:30:00,100.3,101,99.8,100.65,30722156
19/10/2022 15:30:00,100.6,101.25,99.7,100.05,38764542
20/10/2022 15:30:00,99.5,101.2,98.8,100.9,38091315
21/10/2022 15:30:00,100.85,101.45,99.35,100.2,30973997
25/10/2022 15:30:00,101.15,102.5,100.7,101.2,37163180
27/10/2022 15:30:00,102.25,104.65,102.05,104.2,74349009
28/10/2022 15:30:00,104.1,104.6,100.8,101.6,51006232
31/10/2022 15:30:00,101.9,102.15,100.3,101.55,38715841
01/11/2022 15:30:00,98.55,101.45,98.55,101.2,69031178
02/11/2022 15:30:00,101,103,100.8,101.25,42336049
03/11/2022 15:30:00,100.75,102.45,100,102,39110676
04/11/2022 15:30:00,102.5,105,102.2,104.75,70299020
07/11/2022 15:30:00,105.9,107.45,104.6,106.7,74426059
09/11/2022 15:30:00,107.25,107.55,105.55,106.1,38295904
10/11/2022 15:30:00,105.2,106,104.45,104.7,27864285
11/11/2022 15:30:00,106.25,108.2,106.25,107.55,77933417
14/11/2022 15:30:00,108.5,110,108.25,108.7,55474425
15/11/2022 15:30:00,109,109.35,107.2,108.55,35007427
16/11/2022 15:30:00,108.45,108.8,105.2,106.55,40404167
17/11/2022 15:30:00,105.9,106.8,104.5,105.85,32894825
18/11/2022 15:30:00,105.85,106.3,104.7,105.5,28992538
21/11/2022 15:30:00,107.7,107.7,103.85,104.25,58404309
22/11/2022 15:30:00,104.4,105.4,103.55,105.2,27846186
23/11/2022 15:30:00,105.7,106,104.95,105.45,22809651
24/11/2022 15:30:00,105.85,105.95,104.6,105.5,23737867
25/11/2022 15:30:00,105.6,106.5,105.1,106.2,27361785
28/11/2022 15:30:00,106,106.4,104.5,104.9,33516118
29/11/2022 15:30:00,105,107.65,104.95,106.1,40661568
30/11/2022 15:30:00,106.1,107.95,105.9,107.65,61142050
01/12/2022 15:30:00,108.7,111.3,108,110.75,91702642
02/12/2022 15:30:00,110.8,112.5,110.15,112,70541914
05/12/2022 15:30:00,113.3,116.1,112.65,115.85,96441799
06/12/2022 15:30:00,115.35,115.35,112.25,112.95,50581245
07/12/2022 15:30:00,113.4,113.5,110.85,111.2,39494279
08/12/2022 15:30:00,111.75,113,110.8,111.85,32416724
09/12/2022 15:30:00,112.8,113.75,109.7,110.45,35665257
12/12/2022 15:30:00,110.2,112.1,108.7,111.7,37082389
13/12/2022 15:30:00,112.55,112.85,110.8,111.2,32264080
14/12/2022 15:30:00,111.6,113.2,111.1,113.05,38606984
15/12/2022 15:30:00,112.65,113.45,110.7,110.95,34361613
16/12/2022 15:30:00,110.35,112.1,109.45,111.05,34736665
19/12/2022 15:30:00,111.05,112.1,110.8,111.8,17297590
20/12/2022 15:30:00,111.15,111.5,109,110.95,34836506
21/12/2022 15:30:00,111.8,112,108.7,109.4,32303565
22/12/2022 15:30:00,110,110.6,106.35,107.65,39639329
23/12/2022 15:30:00,106,106.75,101.95,102.25,46756489
26/12/2022 15:30:00,102.8,105.55,101.65,105,33995681
27/12/2022 15:30:00,106.65,111.55,105.85,111.15,76033410
28/12/2022 15:30:00,111.05,112.3,109.7,110,50660601
29/12/2022 15:30:00,109,112,108.85,111.75,51751642
30/12/2022 15:30:00,112.9,114.75,112.1,112.65,56048485
